{
  "naive": {
    "examples": 25,
    "hit_at_5": 0.76,
    "mrr_at_10": 0.528047619047619
  },
  "advanced": {
    "examples": 25,
    "hit_at_5": 0.88,
    "mrr_at_10": 0.7233333333333334
  },
  "classification": {
    "examples": 25,
    "accuracy": 0.76,
    "macro_f1": 0.7517482517482517,
    "per_class": {
      "bug": {
        "precision": 0.6,
        "recall": 0.5,
        "f1": 0.5454545454545454,
        "support": 6
      },
      "feature": {
        "precision": 0.8571428571428571,
        "recall": 1.0,
        "f1": 0.923076923076923,
        "support": 6
      },
      "docs": {
        "precision": 0.8571428571428571,
        "recall": 1.0,
        "f1": 0.923076923076923,
        "support": 6
      },
      "question": {
        "precision": 0.6666666666666666,
        "recall": 0.5714285714285714,
        "f1": 0.6153846153846153,
        "support": 7
      }
    },
    "confusion_matrix": {
      "labels": [
        "bug",
        "feature",
        "docs",
        "question"
      ],
      "rows": "expected",
      "columns": "predicted",
      "matrix": [
        [
          3,
          1,
          0,
          2
        ],
        [
          0,
          6,
          0,
          0
        ],
        [
          0,
          0,
          6,
          0
        ],
        [
          2,
          0,
          1,
          4
        ]
      ]
    },
    "thresholds": {
      "classification_accuracy_min": 0.5,
      "classification_macro_f1_min": 0.5
    }
  }
}
