{
  "naive": {
    "examples": 25,
    "hit_at_5": 0.76,
    "mrr_at_10": 0.528047619047619
  },
  "advanced": {
    "examples": 25,
    "hit_at_5": 0.88,
    "mrr_at_10": 0.7233333333333334
  }
}