{
  "model": "tfidf_logistic_regression",
  "train_time_seconds": 0.7530288696289062,
  "validation": {
    "split": "validation",
    "accuracy": 0.7100591715976331,
    "macro_f1": 0.7080891620381671,
    "avg_prediction_latency_ms": 0.1274043991720888,
    "labels": [
      "bug",
      "feature",
      "docs",
      "question"
    ],
    "classification_report": {
      "bug": {
        "precision": 0.768595041322314,
        "recall": 0.636986301369863,
        "f1-score": 0.6966292134831461,
        "support": 146.0
      },
      "feature": {
        "precision": 0.7333333333333333,
        "recall": 0.5620437956204379,
        "f1-score": 0.6363636363636364,
        "support": 137.0
      },
      "docs": {
        "precision": 0.7108433734939759,
        "recall": 0.7763157894736842,
        "f1-score": 0.7421383647798742,
        "support": 76.0
      },
      "question": {
        "precision": 0.6616161616161617,
        "recall": 0.8851351351351351,
        "f1-score": 0.7572254335260116,
        "support": 148.0
      },
      "accuracy": 0.7100591715976331,
      "macro avg": {
        "precision": 0.7185969774414462,
        "recall": 0.7151202553997801,
        "f1-score": 0.7080891620381671,
        "support": 507.0
      },
      "weighted avg": {
        "precision": 0.7191811262415357,
        "recall": 0.7100591715976331,
        "f1-score": 0.7048551543106069,
        "support": 507.0
      }
    },
    "confusion_matrix": [
      [
        93,
        19,
        7,
        27
      ],
      [
        22,
        77,
        12,
        26
      ],
      [
        1,
        2,
        59,
        14
      ],
      [
        5,
        7,
        5,
        131
      ]
    ]
  },
  "test": {
    "split": "test",
    "accuracy": 0.6365422396856582,
    "macro_f1": 0.6172584412615927,
    "avg_prediction_latency_ms": 0.1196917475792186,
    "labels": [
      "bug",
      "feature",
      "docs",
      "question"
    ],
    "classification_report": {
      "bug": {
        "precision": 0.696969696969697,
        "recall": 0.6258503401360545,
        "f1-score": 0.6594982078853047,
        "support": 147.0
      },
      "feature": {
        "precision": 0.8412698412698413,
        "recall": 0.38405797101449274,
        "f1-score": 0.527363184079602,
        "support": 138.0
      },
      "docs": {
        "precision": 0.5050505050505051,
        "recall": 0.6578947368421053,
        "f1-score": 0.5714285714285714,
        "support": 76.0
      },
      "question": {
        "precision": 0.6,
        "recall": 0.8716216216216216,
        "f1-score": 0.7107438016528925,
        "support": 148.0
      },
      "accuracy": 0.6365422396856582,
      "macro avg": {
        "precision": 0.6608225108225109,
        "recall": 0.6348561674035685,
        "f1-score": 0.6172584412615927,
        "support": 509.0
      },
      "weighted avg": {
        "precision": 0.6792409075316739,
        "recall": 0.6365422396856582,
        "f1-score": 0.6254243812088889,
        "support": 509.0
      }
    },
    "confusion_matrix": [
      [
        92,
        6,
        9,
        40
      ],
      [
        26,
        53,
        36,
        23
      ],
      [
        2,
        1,
        50,
        23
      ],
      [
        12,
        3,
        4,
        129
      ]
    ]
  }
}